{"stats":{"minecraft:picked_up":{"minecraft:birch_log":63,"minecraft:iron_chestplate":2,"minecraft:charcoal":14,"minecraft:crafting_table":7,"minecraft:andesite":28,"minecraft:wooden_pickaxe":3,"minecraft:birch_planks":3,"minecraft:oak_log":30,"minecraft:shield":2,"minecraft:gunpowder":6,"minecraft:string":6,"minecraft:dirt":36,"minecraft:iron_leggings":1,"minecraft:cooked_mutton":1,"minecraft:bone":20,"minecraft:bow":6,"minecraft:iron_ingot":3,"minecraft:stone_pickaxe":4,"minecraft:iron_pickaxe":3,"minecraft:birch_sapling":9,"minecraft:oak_planks":100,"minecraft:iron_boots":3,"minecraft:furnace":5,"minecraft:stick":20,"minecraft:raw_iron":40,"minecraft:cooked_porkchop":4,"minecraft:torch":21,"minecraft:porkchop":4,"minecraft:sand":3,"minecraft:diorite":8,"minecraft:white_bed":5,"minecraft:carrot":1,"minecraft:spider_eye":3,"minecraft:stone_sword":3,"minecraft:arrow":22,"minecraft:rotten_flesh":31,"minecraft:stone_axe":3,"minecraft:iron_helmet":2,"minecraft:granite":16,"minecraft:bread":47,"minecraft:mutton":5,"minecraft:coal":130,"minecraft:white_wool":3,"minecraft:cobblestone":122},"minecraft:used":{"minecraft:cooked_mutton":5,"minecraft:stone_sword":55,"minecraft:stone_pickaxe":125,"minecraft:wooden_pickaxe":32,"minecraft:shield":18,"minecraft:rotten_flesh":9,"minecraft:torch":29,"minecraft:sand":3,"minecraft:crafting_table":7,"minecraft:white_bed":5,"minecraft:bread":3,"minecraft:birch_sapling":1,"minecraft:stone_axe":74,"minecraft:furnace":5,"minecraft:cooked_porkchop":4},"minecraft:killed_by":{"minecraft:skeleton":2,"minecraft:creeper":1},"minecraft:crafted":{"minecraft:oak_planks":60,"minecraft:cooked_porkchop":4,"minecraft:crafting_table":1,"minecraft:iron_helmet":1,"minecraft:wooden_pickaxe":1,"minecraft:furnace":1,"minecraft:birch_planks":24,"minecraft:stone_axe":1,"minecraft:cooked_mutton":5,"minecraft:air":0,"minecraft:iron_chestplate":1,"minecraft:iron_boots":1,"minecraft:charcoal":5,"minecraft:shield":1,"minecraft:stick":20,"minecraft:iron_ingot":40,"minecraft:iron_pickaxe":1,"minecraft:stone_pickaxe":2,"minecraft:stone_sword":1,"minecraft:iron_leggings":1,"minecraft:white_bed":1,"minecraft:torch":4},"minecraft:custom":{"minecraft:interact_with_furnace":38,"minecraft:mob_kills":28,"minecraft:interact_with_crafting_table":17,"minecraft:leave_game":2,"minecraft:time_since_death":1995,"minecraft:sleep_in_bed":3,"minecraft:time_since_rest":2027,"minecraft:sprint_one_cm":93769,"minecraft:damage_taken":2037,"minecraft:walk_one_cm":106043,"minecraft:damage_blocked_by_shield":1065,"minecraft:damage_dealt":4949,"minecraft:fly_one_cm":120789,"minecraft:crouch_one_cm":264,"minecraft:play_time":38035,"minecraft:deaths":3,"minecraft:sneak_time":158,"minecraft:jump":447,"minecraft:total_world_time":38035,"minecraft:fall_one_cm":10344},"minecraft:mined":{"minecraft:white_bed":3,"minecraft:crafting_table":6,"minecraft:torch":1,"minecraft:granite":4,"minecraft:grass_block":1,"minecraft:diorite":2,"minecraft:furnace":4,"minecraft:birch_log":24,"minecraft:iron_ore":40,"minecraft:andesite":7,"minecraft:birch_leaves":5,"minecraft:oak_log":15,"minecraft:coal_ore":37,"minecraft:sand":3,"minecraft:dirt":8,"minecraft:stone":45,"minecraft:oak_leaves":1},"minecraft:killed":{"minecraft:pig":2,"minecraft:spider":1,"minecraft:creeper":2,"minecraft:sheep":3,"minecraft:skeleton":8,"minecraft:zombie":11}},"DataVersion":3465}