{"stats":{"minecraft:picked_up":{"minecraft:charcoal":16,"minecraft:crafting_table":8,"minecraft:iron_chestplate":5,"minecraft:diamond_sword":2,"minecraft:wooden_pickaxe":4,"minecraft:shield":5,"minecraft:string":14,"minecraft:flint_and_steel":1,"minecraft:iron_leggings":4,"minecraft:cobbled_deepslate":126,"minecraft:bucket":1,"minecraft:beef":10,"minecraft:iron_pickaxe":7,"minecraft:birch_sapling":11,"minecraft:furnace":6,"minecraft:iron_boots":6,"minecraft:egg":1,"minecraft:raw_iron":70,"minecraft:stick":37,"minecraft:torch":24,"minecraft:porkchop":13,"minecraft:diorite":8,"minecraft:carrot":3,"minecraft:stone_sword":4,"minecraft:arrow":45,"minecraft:rotten_flesh":77,"minecraft:gold_ingot":32,"minecraft:mutton":14,"minecraft:obsidian":4,"minecraft:white_wool":6,"minecraft:cobblestone":128,"minecraft:birch_log":63,"minecraft:cooked_beef":115,"minecraft:andesite":40,"minecraft:leather":6,"minecraft:birch_planks":6,"minecraft:flint":1,"minecraft:oak_log":30,"minecraft:golden_boots":1,"minecraft:gunpowder":12,"minecraft:dirt":59,"minecraft:cooked_mutton":1,"minecraft:bone":50,"minecraft:bow":10,"minecraft:wheat_seeds":12,"minecraft:iron_ingot":21,"minecraft:stone_pickaxe":4,"minecraft:oak_planks":100,"minecraft:smooth_basalt":2,"minecraft:cooked_porkchop":4,"minecraft:quartz":7,"minecraft:gravel":9,"minecraft:sand":3,"minecraft:white_bed":6,"minecraft:spider_eye":16,"minecraft:iron_hoe":1,"minecraft:diamond":2,"minecraft:stone_axe":6,"minecraft:iron_helmet":4,"minecraft:granite":20,"minecraft:bread":56,"minecraft:netherrack":6,"minecraft:coal":169},"minecraft:used":{"minecraft:stone_sword":84,"minecraft:flint_and_steel":1,"minecraft:chest":1,"minecraft:shield":51,"minecraft:rotten_flesh":9,"minecraft:torch":131,"minecraft:dirt":12,"minecraft:carrot":1,"minecraft:obsidian":10,"minecraft:iron_hoe":15,"minecraft:birch_sapling":1,"minecraft:wolf_spawn_egg":7,"minecraft:furnace":6,"minecraft:egg":1,"minecraft:cooked_beef":4,"minecraft:cobbled_deepslate":16,"minecraft:wheat_seeds":8,"minecraft:cooked_mutton":5,"minecraft:water_bucket":1,"minecraft:stone_pickaxe":156,"minecraft:wooden_pickaxe":32,"minecraft:sand":3,"minecraft:crafting_table":8,"minecraft:white_bed":7,"minecraft:bread":16,"minecraft:iron_pickaxe":161,"minecraft:gravel":9,"minecraft:stone_axe":96,"minecraft:diamond_sword":41,"minecraft:cooked_porkchop":4,"minecraft:andesite":1,"minecraft:bucket":1},"minecraft:dropped":{"minecraft:birch_planks":1,"minecraft:wheat_seeds":2,"minecraft:gold_ingot":1,"minecraft:smooth_basalt":2,"minecraft:stone_sword":1,"minecraft:beef":54},"minecraft:killed_by":{"minecraft:creeper":2,"minecraft:hoglin":1,"minecraft:skeleton":3},"minecraft:crafted":{"minecraft:oak_planks":60,"minecraft:furnace":1,"minecraft:cooked_mutton":5,"minecraft:flint_and_steel":1,"minecraft:iron_boots":1,"minecraft:iron_hoe":1,"minecraft:stone_pickaxe":2,"minecraft:chest":1,"minecraft:golden_boots":1,"minecraft:cooked_beef":10,"minecraft:diamond_sword":1,"minecraft:cooked_porkchop":4,"minecraft:crafting_table":1,"minecraft:wooden_pickaxe":1,"minecraft:iron_helmet":1,"minecraft:bucket":1,"minecraft:birch_planks":24,"minecraft:stone_axe":1,"minecraft:air":0,"minecraft:iron_chestplate":1,"minecraft:charcoal":5,"minecraft:shield":1,"minecraft:stick":20,"minecraft:iron_ingot":55,"minecraft:iron_pickaxe":2,"minecraft:stone_sword":1,"minecraft:iron_leggings":1,"minecraft:white_bed":2,"minecraft:torch":4},"minecraft:custom":{"minecraft:mob_kills":59,"minecraft:interact_with_crafting_table":34,"minecraft:leave_game":2,"minecraft:time_since_death":1603,"minecraft:sprint_one_cm":208984,"minecraft:walk_one_cm":256629,"minecraft:damage_blocked_by_shield":2396,"minecraft:drop":7,"minecraft:play_time":86035,"minecraft:deaths":6,"minecraft:sneak_time":1677,"minecraft:walk_under_water_one_cm":128,"minecraft:jump":854,"minecraft:walk_on_water_one_cm":1925,"minecraft:total_world_time":86035,"minecraft:interact_with_furnace":53,"minecraft:sleep_in_bed":5,"minecraft:time_since_rest":1640,"minecraft:damage_taken":3840,"minecraft:damage_dealt":9841,"minecraft:fly_one_cm":372881,"minecraft:swim_one_cm":1264,"minecraft:open_chest":5,"minecraft:crouch_one_cm":1787,"minecraft:fall_one_cm":23043},"minecraft:mined":{"minecraft:tuff":4,"minecraft:white_bed":5,"minecraft:deepslate_diamond_ore":2,"minecraft:granite":4,"minecraft:budding_amethyst":1,"minecraft:grass_block":4,"minecraft:furnace":5,"minecraft:iron_ore":53,"minecraft:andesite":7,"minecraft:deepslate_iron_ore":2,"minecraft:stone":51,"minecraft:deepslate_redstone_ore":2,"minecraft:crafting_table":7,"minecraft:torch":2,"minecraft:calcite":5,"minecraft:nether_quartz_ore":7,"minecraft:tall_grass":28,"minecraft:diorite":2,"minecraft:wall_torch":1,"minecraft:amethyst_block":13,"minecraft:birch_log":24,"minecraft:birch_leaves":5,"minecraft:grass":76,"minecraft:coal_ore":42,"minecraft:oak_log":15,"minecraft:sand":3,"minecraft:gravel":8,"minecraft:dirt":11,"minecraft:smooth_basalt":6,"minecraft:netherrack":7,"minecraft:oak_leaves":1,"minecraft:deepslate":107},"minecraft:killed":{"minecraft:cave_spider":1,"minecraft:spider":5,"minecraft:skeleton":10,"minecraft:pig":2,"minecraft:hoglin":3,"minecraft:creeper":2,"minecraft:sheep":6,"minecraft:zombie":20,"minecraft:cow":4}},"DataVersion":3465}