{"stats":{"minecraft:picked_up":{"minecraft:birch_log":63,"minecraft:iron_chestplate":2,"minecraft:charcoal":15,"minecraft:crafting_table":8,"minecraft:cooked_beef":39,"minecraft:andesite":34,"minecraft:leather":4,"minecraft:wooden_pickaxe":3,"minecraft:birch_planks":5,"minecraft:oak_log":30,"minecraft:shield":3,"minecraft:gunpowder":8,"minecraft:string":11,"minecraft:dirt":41,"minecraft:iron_leggings":2,"minecraft:cooked_mutton":1,"minecraft:bone":28,"minecraft:bow":7,"minecraft:wheat_seeds":4,"minecraft:cobbled_deepslate":71,"minecraft:beef":10,"minecraft:iron_ingot":3,"minecraft:stone_pickaxe":4,"minecraft:iron_pickaxe":4,"minecraft:birch_sapling":9,"minecraft:oak_planks":100,"minecraft:iron_boots":4,"minecraft:furnace":6,"minecraft:stick":27,"minecraft:raw_iron":55,"minecraft:smooth_basalt":2,"minecraft:cooked_porkchop":4,"minecraft:gravel":2,"minecraft:torch":24,"minecraft:porkchop":4,"minecraft:sand":3,"minecraft:diorite":8,"minecraft:white_bed":6,"minecraft:carrot":2,"minecraft:spider_eye":8,"minecraft:stone_sword":4,"minecraft:arrow":23,"minecraft:rotten_flesh":59,"minecraft:diamond":2,"minecraft:stone_axe":4,"minecraft:iron_helmet":2,"minecraft:granite":16,"minecraft:bread":47,"minecraft:obsidian":2,"minecraft:mutton":11,"minecraft:coal":135,"minecraft:white_wool":6,"minecraft:cobblestone":128},"minecraft:used":{"minecraft:cooked_mutton":5,"minecraft:stone_sword":84,"minecraft:stone_pickaxe":156,"minecraft:chest":1,"minecraft:wooden_pickaxe":32,"minecraft:shield":35,"minecraft:rotten_flesh":9,"minecraft:torch":131,"minecraft:sand":3,"minecraft:crafting_table":8,"minecraft:white_bed":7,"minecraft:obsidian":10,"minecraft:iron_pickaxe":144,"minecraft:bread":16,"minecraft:birch_sapling":1,"minecraft:gravel":2,"minecraft:diamond_sword":17,"minecraft:stone_axe":95,"minecraft:wolf_spawn_egg":7,"minecraft:furnace":6,"minecraft:cooked_porkchop":4,"minecraft:andesite":1,"minecraft:cooked_beef":1,"minecraft:cobbled_deepslate":16},"minecraft:dropped":{"minecraft:birch_planks":1,"minecraft:wheat_seeds":2,"minecraft:stone_sword":1,"minecraft:beef":54,"minecraft:smooth_basalt":2},"minecraft:killed_by":{"minecraft:skeleton":3,"minecraft:creeper":1},"minecraft:crafted":{"minecraft:cooked_beef":10,"minecraft:oak_planks":60,"minecraft:diamond_sword":1,"minecraft:cooked_porkchop":4,"minecraft:crafting_table":1,"minecraft:iron_helmet":1,"minecraft:wooden_pickaxe":1,"minecraft:furnace":1,"minecraft:birch_planks":24,"minecraft:stone_axe":1,"minecraft:cooked_mutton":5,"minecraft:air":0,"minecraft:iron_chestplate":1,"minecraft:iron_boots":1,"minecraft:charcoal":5,"minecraft:shield":1,"minecraft:stick":20,"minecraft:iron_ingot":40,"minecraft:iron_pickaxe":1,"minecraft:stone_pickaxe":2,"minecraft:chest":1,"minecraft:stone_sword":1,"minecraft:iron_leggings":1,"minecraft:white_bed":2,"minecraft:torch":4},"minecraft:custom":{"minecraft:interact_with_furnace":45,"minecraft:mob_kills":53,"minecraft:interact_with_crafting_table":24,"minecraft:leave_game":2,"minecraft:time_since_death":132,"minecraft:sleep_in_bed":4,"minecraft:time_since_rest":156,"minecraft:sprint_one_cm":179260,"minecraft:damage_taken":2896,"minecraft:walk_one_cm":209670,"minecraft:damage_blocked_by_shield":1725,"minecraft:drop":6,"minecraft:damage_dealt":8314,"minecraft:swim_one_cm":1264,"minecraft:fly_one_cm":350400,"minecraft:open_chest":1,"minecraft:crouch_one_cm":1384,"minecraft:play_time":74035,"minecraft:deaths":4,"minecraft:sneak_time":1254,"minecraft:walk_under_water_one_cm":128,"minecraft:jump":736,"minecraft:walk_on_water_one_cm":1925,"minecraft:total_world_time":74035,"minecraft:fall_one_cm":19028},"minecraft:mined":{"minecraft:deepslate_redstone_ore":2,"minecraft:tuff":4,"minecraft:white_bed":5,"minecraft:deepslate_diamond_ore":2,"minecraft:crafting_table":7,"minecraft:torch":2,"minecraft:granite":4,"minecraft:budding_amethyst":1,"minecraft:calcite":5,"minecraft:grass_block":3,"minecraft:tall_grass":5,"minecraft:diorite":2,"minecraft:wall_torch":1,"minecraft:amethyst_block":13,"minecraft:furnace":5,"minecraft:birch_log":24,"minecraft:iron_ore":53,"minecraft:andesite":7,"minecraft:birch_leaves":5,"minecraft:grass":7,"minecraft:deepslate_iron_ore":2,"minecraft:oak_log":15,"minecraft:coal_ore":42,"minecraft:sand":3,"minecraft:dirt":11,"minecraft:smooth_basalt":6,"minecraft:stone":51,"minecraft:oak_leaves":1,"minecraft:deepslate":107},"minecraft:killed":{"minecraft:cave_spider":1,"minecraft:pig":2,"minecraft:spider":4,"minecraft:creeper":2,"minecraft:sheep":6,"minecraft:skeleton":9,"minecraft:zombie":20,"minecraft:cow":4}},"DataVersion":3465}