{"stats":{"minecraft:picked_up":{"minecraft:birch_log":63,"minecraft:iron_chestplate":2,"minecraft:charcoal":14,"minecraft:crafting_table":8,"minecraft:andesite":28,"minecraft:wooden_pickaxe":3,"minecraft:birch_planks":3,"minecraft:oak_log":30,"minecraft:shield":2,"minecraft:gunpowder":6,"minecraft:string":9,"minecraft:dirt":36,"minecraft:iron_leggings":1,"minecraft:cooked_mutton":1,"minecraft:bone":20,"minecraft:bow":6,"minecraft:cobbled_deepslate":37,"minecraft:iron_ingot":3,"minecraft:stone_pickaxe":4,"minecraft:iron_pickaxe":3,"minecraft:birch_sapling":9,"minecraft:oak_planks":100,"minecraft:iron_boots":3,"minecraft:furnace":6,"minecraft:stick":20,"minecraft:raw_iron":55,"minecraft:smooth_basalt":2,"minecraft:cooked_porkchop":4,"minecraft:torch":23,"minecraft:porkchop":4,"minecraft:sand":3,"minecraft:diorite":8,"minecraft:white_bed":6,"minecraft:carrot":1,"minecraft:spider_eye":5,"minecraft:stone_sword":3,"minecraft:arrow":22,"minecraft:rotten_flesh":35,"minecraft:diamond":2,"minecraft:stone_axe":3,"minecraft:iron_helmet":2,"minecraft:granite":16,"minecraft:bread":47,"minecraft:mutton":5,"minecraft:coal":135,"minecraft:white_wool":3,"minecraft:cobblestone":125},"minecraft:used":{"minecraft:cooked_mutton":5,"minecraft:stone_sword":58,"minecraft:stone_pickaxe":156,"minecraft:wooden_pickaxe":32,"minecraft:shield":19,"minecraft:rotten_flesh":9,"minecraft:torch":123,"minecraft:sand":3,"minecraft:crafting_table":7,"minecraft:white_bed":6,"minecraft:iron_pickaxe":76,"minecraft:bread":11,"minecraft:birch_sapling":1,"minecraft:stone_axe":95,"minecraft:wolf_spawn_egg":7,"minecraft:furnace":5,"minecraft:cooked_porkchop":4,"minecraft:andesite":1,"minecraft:cooked_beef":1,"minecraft:cobbled_deepslate":7},"minecraft:dropped":{"minecraft:beef":54},"minecraft:killed_by":{"minecraft:skeleton":2,"minecraft:creeper":1},"minecraft:crafted":{"minecraft:oak_planks":60,"minecraft:cooked_porkchop":4,"minecraft:crafting_table":1,"minecraft:iron_helmet":1,"minecraft:wooden_pickaxe":1,"minecraft:furnace":1,"minecraft:birch_planks":24,"minecraft:stone_axe":1,"minecraft:cooked_mutton":5,"minecraft:air":0,"minecraft:iron_chestplate":1,"minecraft:iron_boots":1,"minecraft:charcoal":5,"minecraft:shield":1,"minecraft:stick":20,"minecraft:iron_ingot":40,"minecraft:iron_pickaxe":1,"minecraft:stone_pickaxe":2,"minecraft:stone_sword":1,"minecraft:iron_leggings":1,"minecraft:white_bed":1,"minecraft:torch":4},"minecraft:custom":{"minecraft:interact_with_furnace":40,"minecraft:mob_kills":39,"minecraft:interact_with_crafting_table":18,"minecraft:leave_game":2,"minecraft:time_since_death":25995,"minecraft:sleep_in_bed":3,"minecraft:time_since_rest":26027,"minecraft:sprint_one_cm":130274,"minecraft:damage_taken":2424,"minecraft:walk_one_cm":174012,"minecraft:damage_blocked_by_shield":1125,"minecraft:drop":1,"minecraft:damage_dealt":6490,"minecraft:fly_one_cm":275776,"minecraft:crouch_one_cm":1384,"minecraft:play_time":62035,"minecraft:deaths":3,"minecraft:sneak_time":1225,"minecraft:jump":581,"minecraft:walk_on_water_one_cm":1516,"minecraft:total_world_time":62035,"minecraft:fall_one_cm":13787},"minecraft:mined":{"minecraft:deepslate_redstone_ore":1,"minecraft:tuff":3,"minecraft:white_bed":5,"minecraft:deepslate_diamond_ore":2,"minecraft:crafting_table":7,"minecraft:torch":1,"minecraft:granite":4,"minecraft:budding_amethyst":1,"minecraft:calcite":5,"minecraft:grass_block":1,"minecraft:diorite":2,"minecraft:wall_torch":1,"minecraft:amethyst_block":13,"minecraft:furnace":5,"minecraft:birch_log":24,"minecraft:iron_ore":53,"minecraft:andesite":7,"minecraft:birch_leaves":5,"minecraft:deepslate_iron_ore":2,"minecraft:oak_log":15,"minecraft:coal_ore":42,"minecraft:sand":3,"minecraft:dirt":8,"minecraft:smooth_basalt":6,"minecraft:stone":48,"minecraft:oak_leaves":1,"minecraft:deepslate":48},"minecraft:killed":{"minecraft:cave_spider":1,"minecraft:pig":2,"minecraft:spider":3,"minecraft:creeper":2,"minecraft:sheep":3,"minecraft:skeleton":8,"minecraft:zombie":16}},"DataVersion":3465}