{"stats":{"minecraft:picked_up":{"minecraft:birch_log":24,"minecraft:raw_iron":6,"minecraft:crafting_table":3,"minecraft:andesite":7,"minecraft:torch":1,"minecraft:porkchop":4,"minecraft:sand":3,"minecraft:oak_log":15,"minecraft:diorite":2,"minecraft:white_bed":1,"minecraft:dirt":9,"minecraft:bone":2,"minecraft:arrow":2,"minecraft:rotten_flesh":7,"minecraft:granite":3,"minecraft:birch_sapling":3,"minecraft:mutton":5,"minecraft:coal":11,"minecraft:white_wool":3,"minecraft:cobblestone":37,"minecraft:furnace":1},"minecraft:used":{"minecraft:cooked_mutton":2,"minecraft:stone_sword":10,"minecraft:birch_sapling":1,"minecraft:stone_pickaxe":52,"minecraft:wooden_pickaxe":32,"minecraft:rotten_flesh":7,"minecraft:stone_axe":52,"minecraft:torch":4,"minecraft:sand":3,"minecraft:crafting_table":3,"minecraft:furnace":1,"minecraft:white_bed":1},"minecraft:crafted":{"minecraft:cooked_porkchop":4,"minecraft:charcoal":5,"minecraft:crafting_table":1,"minecraft:stick":12,"minecraft:wooden_pickaxe":1,"minecraft:stone_pickaxe":1,"minecraft:stone_sword":1,"minecraft:furnace":1,"minecraft:white_bed":1,"minecraft:torch":4,"minecraft:birch_planks":24,"minecraft:stone_axe":1,"minecraft:cooked_mutton":5,"minecraft:air":0},"minecraft:custom":{"minecraft:time_since_rest":7095,"minecraft:interact_with_furnace":14,"minecraft:sprint_one_cm":35705,"minecraft:damage_taken":275,"minecraft:walk_one_cm":38870,"minecraft:mob_kills":11,"minecraft:damage_dealt":1559,"minecraft:interact_with_crafting_table":6,"minecraft:fly_one_cm":17075,"minecraft:play_time":15298,"minecraft:jump":152,"minecraft:leave_game":1,"minecraft:time_since_death":15298,"minecraft:sleep_in_bed":1,"minecraft:total_world_time":15298,"minecraft:fall_one_cm":3981},"minecraft:mined":{"minecraft:white_bed":1,"minecraft:furnace":1,"minecraft:iron_ore":7,"minecraft:birch_log":24,"minecraft:andesite":7,"minecraft:birch_leaves":5,"minecraft:crafting_table":3,"minecraft:granite":3,"minecraft:coal_ore":11,"minecraft:grass_block":1,"minecraft:oak_log":15,"minecraft:sand":3,"minecraft:dirt":8,"minecraft:stone":38,"minecraft:diorite":2,"minecraft:oak_leaves":1},"minecraft:killed":{"minecraft:sheep":3,"minecraft:skeleton":2,"minecraft:zombie":4,"minecraft:pig":2}},"DataVersion":3465}