{"stats":{"minecraft:picked_up":{"minecraft:mutton":2,"minecraft:white_wool":1,"minecraft:birch_log":6},"minecraft:crafted":{"minecraft:birch_planks":24},"minecraft:custom":{"minecraft:jump":28,"minecraft:time_since_rest":3298,"minecraft:damage_dealt":80,"minecraft:leave_game":1,"minecraft:play_time":3298,"minecraft:sprint_one_cm":4644,"minecraft:time_since_death":3298,"minecraft:walk_one_cm":2995,"minecraft:total_world_time":3298,"minecraft:mob_kills":1,"minecraft:fall_one_cm":900,"minecraft:fly_one_cm":2967},"minecraft:mined":{"minecraft:birch_log":6,"minecraft:birch_leaves":1},"minecraft:killed":{"minecraft:sheep":1}},"DataVersion":3465}