{"stats":{"minecraft:picked_up":{"minecraft:birch_log":63,"minecraft:iron_chestplate":2,"minecraft:charcoal":14,"minecraft:crafting_table":8,"minecraft:andesite":28,"minecraft:wooden_pickaxe":3,"minecraft:birch_planks":3,"minecraft:oak_log":30,"minecraft:shield":2,"minecraft:gunpowder":6,"minecraft:string":9,"minecraft:dirt":36,"minecraft:iron_leggings":1,"minecraft:cooked_mutton":1,"minecraft:bone":20,"minecraft:bow":6,"minecraft:iron_ingot":3,"minecraft:stone_pickaxe":4,"minecraft:iron_pickaxe":3,"minecraft:birch_sapling":9,"minecraft:oak_planks":100,"minecraft:iron_boots":3,"minecraft:furnace":6,"minecraft:stick":20,"minecraft:raw_iron":53,"minecraft:cooked_porkchop":4,"minecraft:torch":22,"minecraft:porkchop":4,"minecraft:sand":3,"minecraft:diorite":8,"minecraft:white_bed":6,"minecraft:carrot":1,"minecraft:spider_eye":5,"minecraft:stone_sword":3,"minecraft:arrow":22,"minecraft:rotten_flesh":35,"minecraft:stone_axe":3,"minecraft:iron_helmet":2,"minecraft:granite":16,"minecraft:bread":47,"minecraft:mutton":5,"minecraft:coal":135,"minecraft:white_wool":3,"minecraft:cobblestone":125},"minecraft:used":{"minecraft:cooked_mutton":5,"minecraft:stone_sword":58,"minecraft:stone_pickaxe":152,"minecraft:wooden_pickaxe":32,"minecraft:shield":19,"minecraft:rotten_flesh":9,"minecraft:torch":63,"minecraft:sand":3,"minecraft:crafting_table":7,"minecraft:white_bed":5,"minecraft:bread":11,"minecraft:birch_sapling":1,"minecraft:stone_axe":95,"minecraft:wolf_spawn_egg":7,"minecraft:furnace":5,"minecraft:cooked_porkchop":4,"minecraft:cooked_beef":1},"minecraft:dropped":{"minecraft:beef":54},"minecraft:killed_by":{"minecraft:skeleton":2,"minecraft:creeper":1},"minecraft:crafted":{"minecraft:oak_planks":60,"minecraft:cooked_porkchop":4,"minecraft:crafting_table":1,"minecraft:iron_helmet":1,"minecraft:wooden_pickaxe":1,"minecraft:furnace":1,"minecraft:birch_planks":24,"minecraft:stone_axe":1,"minecraft:cooked_mutton":5,"minecraft:air":0,"minecraft:iron_chestplate":1,"minecraft:iron_boots":1,"minecraft:charcoal":5,"minecraft:shield":1,"minecraft:stick":20,"minecraft:iron_ingot":40,"minecraft:iron_pickaxe":1,"minecraft:stone_pickaxe":2,"minecraft:stone_sword":1,"minecraft:iron_leggings":1,"minecraft:white_bed":1,"minecraft:torch":4},"minecraft:custom":{"minecraft:interact_with_furnace":40,"minecraft:mob_kills":39,"minecraft:interact_with_crafting_table":18,"minecraft:leave_game":2,"minecraft:time_since_death":13995,"minecraft:sleep_in_bed":3,"minecraft:time_since_rest":14027,"minecraft:sprint_one_cm":116045,"minecraft:damage_taken":2424,"minecraft:walk_one_cm":144735,"minecraft:damage_blocked_by_shield":1125,"minecraft:drop":1,"minecraft:damage_dealt":6480,"minecraft:fly_one_cm":154152,"minecraft:crouch_one_cm":645,"minecraft:play_time":50035,"minecraft:deaths":3,"minecraft:sneak_time":547,"minecraft:jump":520,"minecraft:total_world_time":50035,"minecraft:fall_one_cm":13787},"minecraft:mined":{"minecraft:white_bed":4,"minecraft:crafting_table":7,"minecraft:torch":1,"minecraft:granite":4,"minecraft:grass_block":1,"minecraft:diorite":2,"minecraft:wall_torch":1,"minecraft:furnace":5,"minecraft:birch_log":24,"minecraft:iron_ore":53,"minecraft:andesite":7,"minecraft:birch_leaves":5,"minecraft:oak_log":15,"minecraft:coal_ore":42,"minecraft:sand":3,"minecraft:dirt":8,"minecraft:stone":48,"minecraft:oak_leaves":1,"minecraft:deepslate":2},"minecraft:killed":{"minecraft:cave_spider":1,"minecraft:pig":2,"minecraft:spider":3,"minecraft:creeper":2,"minecraft:sheep":3,"minecraft:skeleton":8,"minecraft:zombie":16}},"DataVersion":3465}