{"stats":{"minecraft:picked_up":{"minecraft:birch_log":37,"minecraft:charcoal":14,"minecraft:crafting_table":6,"minecraft:andesite":14,"minecraft:wooden_pickaxe":1,"minecraft:birch_planks":1,"minecraft:oak_log":30,"minecraft:gunpowder":2,"minecraft:dirt":18,"minecraft:cooked_mutton":1,"minecraft:bone":5,"minecraft:bow":1,"minecraft:stone_pickaxe":1,"minecraft:iron_pickaxe":1,"minecraft:birch_sapling":5,"minecraft:iron_boots":1,"minecraft:furnace":4,"minecraft:stick":2,"minecraft:raw_iron":12,"minecraft:cooked_porkchop":4,"minecraft:torch":2,"minecraft:porkchop":4,"minecraft:sand":3,"minecraft:diorite":4,"minecraft:white_bed":4,"minecraft:stone_sword":1,"minecraft:arrow":6,"minecraft:rotten_flesh":15,"minecraft:stone_axe":1,"minecraft:granite":8,"minecraft:mutton":5,"minecraft:coal":59,"minecraft:white_wool":3,"minecraft:cobblestone":62},"minecraft:used":{"minecraft:cooked_mutton":5,"minecraft:stone_sword":39,"minecraft:stone_pickaxe":85,"minecraft:wooden_pickaxe":32,"minecraft:shield":2,"minecraft:rotten_flesh":8,"minecraft:torch":15,"minecraft:sand":3,"minecraft:crafting_table":5,"minecraft:white_bed":3,"minecraft:birch_sapling":1,"minecraft:stone_axe":68,"minecraft:furnace":3,"minecraft:cooked_porkchop":3},"minecraft:killed_by":{"minecraft:skeleton":1},"minecraft:crafted":{"minecraft:oak_planks":60,"minecraft:cooked_porkchop":4,"minecraft:crafting_table":1,"minecraft:wooden_pickaxe":1,"minecraft:furnace":1,"minecraft:birch_planks":24,"minecraft:stone_axe":1,"minecraft:cooked_mutton":5,"minecraft:air":0,"minecraft:iron_boots":1,"minecraft:charcoal":5,"minecraft:shield":1,"minecraft:stick":12,"minecraft:iron_ingot":12,"minecraft:iron_pickaxe":1,"minecraft:stone_pickaxe":1,"minecraft:stone_sword":1,"minecraft:white_bed":1,"minecraft:torch":4},"minecraft:custom":{"minecraft:interact_with_furnace":22,"minecraft:mob_kills":22,"minecraft:interact_with_crafting_table":9,"minecraft:leave_game":2,"minecraft:time_since_death":7110,"minecraft:sleep_in_bed":3,"minecraft:time_since_rest":3847,"minecraft:sprint_one_cm":70793,"minecraft:damage_taken":1019,"minecraft:walk_one_cm":71289,"minecraft:damage_blocked_by_shield":120,"minecraft:damage_dealt":3836,"minecraft:fly_one_cm":57692,"minecraft:crouch_one_cm":139,"minecraft:play_time":26035,"minecraft:deaths":1,"minecraft:sneak_time":68,"minecraft:jump":312,"minecraft:total_world_time":26035,"minecraft:fall_one_cm":7793},"minecraft:mined":{"minecraft:white_bed":3,"minecraft:crafting_table":5,"minecraft:torch":1,"minecraft:granite":4,"minecraft:grass_block":1,"minecraft:diorite":2,"minecraft:furnace":3,"minecraft:birch_log":24,"minecraft:iron_ore":12,"minecraft:andesite":7,"minecraft:birch_leaves":5,"minecraft:oak_log":15,"minecraft:coal_ore":32,"minecraft:sand":3,"minecraft:dirt":8,"minecraft:stone":40,"minecraft:oak_leaves":1},"minecraft:killed":{"minecraft:pig":2,"minecraft:creeper":2,"minecraft:sheep":3,"minecraft:skeleton":5,"minecraft:zombie":10}},"DataVersion":3465}