{"stats":{"minecraft:picked_up":{"minecraft:crafting_table":5,"minecraft:feather":10,"minecraft:chicken":10,"minecraft:leather":6,"minecraft:oak_log":20,"minecraft:brewing_stand":1,"minecraft:dirt":2,"minecraft:apple":1,"minecraft:wheat_seeds":6,"minecraft:beef":19,"minecraft:light_gray_wool":2,"minecraft:sugar_cane":9,"minecraft:egg":1,"minecraft:furnace":1,"minecraft:raw_iron":5,"minecraft:oak_door":5,"minecraft:torch":5,"minecraft:gravel":8,"minecraft:porkchop":13,"minecraft:white_bed":1,"minecraft:rotten_flesh":1,"minecraft:oak_sapling":1,"minecraft:mutton":21,"minecraft:coal":6,"minecraft:white_wool":11,"minecraft:cobblestone":25},"minecraft:used":{"minecraft:stone_sword":76,"minecraft:stone_pickaxe":39,"minecraft:wooden_pickaxe":4,"minecraft:stone_hoe":4,"minecraft:oak_door":6,"minecraft:torch":5,"minecraft:dirt":1,"minecraft:crafting_table":7,"minecraft:white_bed":1,"minecraft:wooden_axe":31,"minecraft:apple":1,"minecraft:stone_axe":40,"minecraft:cobblestone":2,"minecraft:beef":1,"minecraft:furnace":2,"minecraft:cooked_porkchop":2},"minecraft:dropped":{"minecraft:rotten_flesh":1},"minecraft:crafted":{"minecraft:oak_door":3,"minecraft:oak_planks":80,"minecraft:cooked_porkchop":11,"minecraft:crafting_table":2,"minecraft:wooden_pickaxe":1,"minecraft:furnace":1,"minecraft:stone_axe":1,"minecraft:air":0,"minecraft:shield":1,"minecraft:stick":16,"minecraft:iron_ingot":1,"minecraft:stone_pickaxe":1,"minecraft:wooden_axe":1,"minecraft:stone_sword":1,"minecraft:white_bed":1,"minecraft:torch":8,"minecraft:stone_hoe":1},"minecraft:custom":{"minecraft:interact_with_furnace":8,"minecraft:mob_kills":41,"minecraft:interact_with_crafting_table":13,"minecraft:bell_ring":2,"minecraft:leave_game":1,"minecraft:time_since_death":17493,"minecraft:sleep_in_bed":1,"minecraft:time_since_rest":6435,"minecraft:sprint_one_cm":63493,"minecraft:damage_taken":70,"minecraft:walk_one_cm":29154,"minecraft:drop":1,"minecraft:damage_dealt":3438,"minecraft:swim_one_cm":36736,"minecraft:fly_one_cm":118702,"minecraft:open_chest":6,"minecraft:crouch_one_cm":2047,"minecraft:play_time":17493,"minecraft:sneak_time":1264,"minecraft:walk_under_water_one_cm":6718,"minecraft:jump":476,"minecraft:walk_on_water_one_cm":1748,"minecraft:total_world_time":17493,"minecraft:fall_one_cm":7876},"minecraft:mined":{"minecraft:white_bed":1,"minecraft:oak_door":5,"minecraft:brewing_stand":1,"minecraft:crafting_table":5,"minecraft:torch":4,"minecraft:grass_block":1,"minecraft:tall_grass":15,"minecraft:sugar_cane":4,"minecraft:wall_torch":1,"minecraft:furnace":1,"minecraft:iron_ore":5,"minecraft:grass":28,"minecraft:coal_ore":6,"minecraft:oak_log":20,"minecraft:gravel":3,"minecraft:dirt":1,"minecraft:stone":25,"minecraft:oak_leaves":2},"minecraft:killed":{"minecraft:pig":8,"minecraft:sheep":13,"minecraft:zombie":1,"minecraft:chicken":10,"minecraft:drowned":1,"minecraft:cow":8}},"DataVersion":3465}