{"stats":{"minecraft:picked_up":{"minecraft:crafting_table":7,"minecraft:feather":12,"minecraft:chicken":11,"minecraft:andesite":1,"minecraft:leather":6,"minecraft:smithing_table":2,"minecraft:wooden_pickaxe":1,"minecraft:oak_log":24,"minecraft:brewing_stand":2,"minecraft:golden_boots":1,"minecraft:shield":1,"minecraft:string":1,"minecraft:lapis_lazuli":22,"minecraft:dirt":21,"minecraft:bone":5,"minecraft:apple":1,"minecraft:wheat_seeds":9,"minecraft:iron_ingot":4,"minecraft:beef":19,"minecraft:stone_pickaxe":1,"minecraft:cooked_chicken":10,"minecraft:oak_boat":2,"minecraft:poppy":1,"minecraft:light_gray_wool":2,"minecraft:sugar_cane":14,"minecraft:stone_hoe":1,"minecraft:oak_planks":53,"minecraft:egg":1,"minecraft:furnace":1,"minecraft:book":1,"minecraft:golden_helmet":1,"minecraft:stick":2,"minecraft:raw_iron":42,"minecraft:cooked_porkchop":7,"minecraft:oak_door":9,"minecraft:torch":14,"minecraft:dandelion":1,"minecraft:gravel":8,"minecraft:porkchop":13,"minecraft:diorite":2,"minecraft:white_bed":2,"minecraft:stone_sword":1,"minecraft:arrow":5,"minecraft:rotten_flesh":1,"minecraft:stone_axe":1,"minecraft:hay_block":20,"minecraft:golden_apple":1,"minecraft:oak_sapling":3,"minecraft:mutton":21,"minecraft:coal":15,"minecraft:rail":1,"minecraft:white_wool":11,"minecraft:cobblestone":46},"minecraft:used":{"minecraft:stone_sword":81,"minecraft:iron_shovel":14,"minecraft:stone_pickaxe":43,"minecraft:oak_planks":21,"minecraft:shield":5,"minecraft:wooden_pickaxe":4,"minecraft:iron_sword":6,"minecraft:stone_hoe":19,"minecraft:cooked_chicken":4,"minecraft:oak_door":6,"minecraft:torch":11,"minecraft:brewing_stand":1,"minecraft:dirt":4,"minecraft:crafting_table":9,"minecraft:white_bed":1,"minecraft:wooden_axe":31,"minecraft:apple":1,"minecraft:iron_axe":11,"minecraft:chicken":1,"minecraft:iron_pickaxe":72,"minecraft:stone_axe":60,"minecraft:cobblestone":4,"minecraft:beef":1,"minecraft:furnace":3,"minecraft:cooked_porkchop":6,"minecraft:oak_boat":2,"minecraft:egg":1},"minecraft:dropped":{"minecraft:rotten_flesh":1,"minecraft:andesite":1,"minecraft:arrow":1},"minecraft:killed_by":{"minecraft:iron_golem":1},"minecraft:crafted":{"minecraft:oak_door":3,"minecraft:oak_planks":96,"minecraft:cooked_porkchop":11,"minecraft:crafting_table":3,"minecraft:wooden_pickaxe":1,"minecraft:cooked_chicken":10,"minecraft:iron_sword":1,"minecraft:furnace":2,"minecraft:stone_axe":1,"minecraft:air":0,"minecraft:oak_boat":1,"minecraft:shield":1,"minecraft:iron_axe":1,"minecraft:stick":24,"minecraft:iron_ingot":7,"minecraft:iron_pickaxe":1,"minecraft:stone_pickaxe":1,"minecraft:wooden_axe":1,"minecraft:stone_sword":1,"minecraft:iron_shovel":1,"minecraft:white_bed":1,"minecraft:torch":8,"minecraft:stone_hoe":1},"minecraft:custom":{"minecraft:interact_with_smithing_table":1,"minecraft:interact_with_furnace":20,"minecraft:mob_kills":45,"minecraft:interact_with_crafting_table":20,"minecraft:bell_ring":2,"minecraft:leave_game":1,"minecraft:time_since_death":21129,"minecraft:sleep_in_bed":1,"minecraft:climb_one_cm":380,"minecraft:time_since_rest":21184,"minecraft:sprint_one_cm":169040,"minecraft:damage_taken":713,"minecraft:walk_one_cm":77845,"minecraft:damage_blocked_by_shield":300,"minecraft:drop":3,"minecraft:damage_dealt":4906,"minecraft:talked_to_villager":3,"minecraft:swim_one_cm":74576,"minecraft:fly_one_cm":276535,"minecraft:open_chest":15,"minecraft:crouch_one_cm":4735,"minecraft:play_time":41493,"minecraft:deaths":1,"minecraft:sneak_time":2770,"minecraft:walk_under_water_one_cm":8536,"minecraft:boat_one_cm":15637,"minecraft:interact_with_brewingstand":1,"minecraft:jump":1103,"minecraft:walk_on_water_one_cm":6788,"minecraft:total_world_time":41493,"minecraft:fall_one_cm":21344},"minecraft:mined":{"minecraft:smithing_table":1,"minecraft:white_bed":1,"minecraft:oak_door":6,"minecraft:brewing_stand":1,"minecraft:crafting_table":6,"minecraft:torch":5,"minecraft:grass_block":6,"minecraft:tall_grass":18,"minecraft:lapis_ore":4,"minecraft:oak_planks":11,"minecraft:sugar_cane":4,"minecraft:diorite":2,"minecraft:wall_torch":1,"minecraft:hay_block":10,"minecraft:furnace":1,"minecraft:iron_ore":42,"minecraft:wheat":2,"minecraft:andesite":1,"minecraft:grass":38,"minecraft:coal_ore":15,"minecraft:oak_log":24,"minecraft:gravel":3,"minecraft:dirt":15,"minecraft:cobweb":1,"minecraft:stone":47,"minecraft:oak_leaves":7},"minecraft:killed":{"minecraft:pig":8,"minecraft:iron_golem":1,"minecraft:sheep":13,"minecraft:skeleton":2,"minecraft:zombie":1,"minecraft:chicken":11,"minecraft:drowned":1,"minecraft:cow":8}},"DataVersion":3465}