{"stats":{"minecraft:picked_up":{"minecraft:crafting_table":2,"minecraft:feather":2,"minecraft:chicken":1,"minecraft:torch":2,"minecraft:gravel":8,"minecraft:porkchop":2,"minecraft:oak_log":20,"minecraft:dirt":2,"minecraft:apple":1,"minecraft:light_gray_wool":1,"minecraft:oak_sapling":1,"minecraft:mutton":6,"minecraft:coal":6,"minecraft:white_wool":3,"minecraft:cobblestone":22},"minecraft:used":{"minecraft:wooden_axe":30,"minecraft:stone_pickaxe":29,"minecraft:wooden_pickaxe":4,"minecraft:torch":2,"minecraft:dirt":1,"minecraft:cobblestone":2,"minecraft:crafting_table":2},"minecraft:crafted":{"minecraft:oak_planks":80,"minecraft:crafting_table":1,"minecraft:stick":8,"minecraft:wooden_pickaxe":1,"minecraft:stone_pickaxe":1,"minecraft:wooden_axe":1,"minecraft:torch":8},"minecraft:custom":{"minecraft:time_since_rest":5493,"minecraft:sprint_one_cm":15997,"minecraft:damage_taken":20,"minecraft:walk_one_cm":10275,"minecraft:mob_kills":6,"minecraft:damage_dealt":460,"minecraft:swim_one_cm":5254,"minecraft:interact_with_crafting_table":3,"minecraft:fly_one_cm":26457,"minecraft:open_chest":1,"minecraft:crouch_one_cm":1870,"minecraft:play_time":5493,"minecraft:sneak_time":863,"minecraft:walk_under_water_one_cm":95,"minecraft:jump":131,"minecraft:leave_game":1,"minecraft:walk_on_water_one_cm":530,"minecraft:time_since_death":5493,"minecraft:total_world_time":5493,"minecraft:fall_one_cm":2080},"minecraft:mined":{"minecraft:torch":2,"minecraft:crafting_table":2,"minecraft:grass":1,"minecraft:grass_block":1,"minecraft:oak_log":20,"minecraft:coal_ore":6,"minecraft:gravel":3,"minecraft:dirt":1,"minecraft:stone":22,"minecraft:oak_leaves":2},"minecraft:killed":{"minecraft:sheep":4,"minecraft:pig":1,"minecraft:chicken":1}},"DataVersion":3465}