{"stats":{"minecraft:picked_up":{"minecraft:crafting_table":8,"minecraft:chicken":11,"minecraft:smithing_table":2,"minecraft:wooden_pickaxe":1,"minecraft:brewing_stand":2,"minecraft:shield":1,"minecraft:string":1,"minecraft:cobbled_deepslate":3,"minecraft:beef":19,"minecraft:oak_boat":2,"minecraft:poppy":1,"minecraft:light_gray_wool":2,"minecraft:sugar_cane":14,"minecraft:furnace":1,"minecraft:egg":1,"minecraft:golden_helmet":1,"minecraft:raw_iron":66,"minecraft:stick":2,"minecraft:oak_door":9,"minecraft:torch":15,"minecraft:porkchop":13,"minecraft:pointed_dripstone":2,"minecraft:diorite":2,"minecraft:stone_sword":1,"minecraft:arrow":6,"minecraft:rotten_flesh":5,"minecraft:hay_block":20,"minecraft:mutton":21,"minecraft:cobblestone":76,"minecraft:white_wool":11,"minecraft:rail":1,"minecraft:feather":12,"minecraft:andesite":1,"minecraft:leather":6,"minecraft:oak_log":24,"minecraft:golden_boots":1,"minecraft:lapis_lazuli":22,"minecraft:dirt":21,"minecraft:bone":6,"minecraft:apple":1,"minecraft:wheat_seeds":9,"minecraft:stone_pickaxe":1,"minecraft:iron_ingot":4,"minecraft:cooked_chicken":10,"minecraft:oak_planks":53,"minecraft:stone_hoe":1,"minecraft:book":1,"minecraft:cooked_porkchop":7,"minecraft:dandelion":1,"minecraft:gravel":8,"minecraft:white_bed":2,"minecraft:diamond":2,"minecraft:stone_axe":1,"minecraft:golden_apple":1,"minecraft:oak_sapling":3,"minecraft:coal":15},"minecraft:used":{"minecraft:stone_sword":81,"minecraft:iron_shovel":14,"minecraft:chest":1,"minecraft:shield":12,"minecraft:iron_sword":23,"minecraft:stone_hoe":19,"minecraft:cooked_chicken":6,"minecraft:oak_door":6,"minecraft:torch":22,"minecraft:brewing_stand":1,"minecraft:dirt":4,"minecraft:wooden_axe":31,"minecraft:iron_axe":12,"minecraft:beef":1,"minecraft:furnace":3,"minecraft:egg":1,"minecraft:water_bucket":7,"minecraft:stone_pickaxe":43,"minecraft:oak_planks":21,"minecraft:wooden_pickaxe":4,"minecraft:crafting_table":9,"minecraft:white_bed":2,"minecraft:apple":1,"minecraft:chicken":1,"minecraft:bread":6,"minecraft:iron_pickaxe":130,"minecraft:stone_axe":60,"minecraft:cobblestone":30,"minecraft:cooked_porkchop":6,"minecraft:bucket":8,"minecraft:oak_boat":2},"minecraft:dropped":{"minecraft:rotten_flesh":1,"minecraft:andesite":1,"minecraft:arrow":1},"minecraft:killed_by":{"minecraft:iron_golem":1},"minecraft:crafted":{"minecraft:oak_door":3,"minecraft:oak_planks":96,"minecraft:cooked_chicken":10,"minecraft:furnace":2,"minecraft:iron_boots":1,"minecraft:iron_axe":1,"minecraft:stone_pickaxe":1,"minecraft:chest":1,"minecraft:stone_hoe":1,"minecraft:wheat":90,"minecraft:cooked_porkchop":11,"minecraft:crafting_table":3,"minecraft:wooden_pickaxe":1,"minecraft:iron_helmet":1,"minecraft:iron_sword":1,"minecraft:bucket":1,"minecraft:stone_axe":1,"minecraft:bread":30,"minecraft:air":0,"minecraft:oak_boat":1,"minecraft:iron_chestplate":1,"minecraft:shield":1,"minecraft:stick":24,"minecraft:iron_ingot":35,"minecraft:iron_pickaxe":1,"minecraft:wooden_axe":1,"minecraft:stone_sword":1,"minecraft:iron_shovel":1,"minecraft:iron_leggings":1,"minecraft:white_bed":1,"minecraft:torch":12},"minecraft:custom":{"minecraft:interact_with_smithing_table":1,"minecraft:mob_kills":51,"minecraft:interact_with_crafting_table":28,"minecraft:bell_ring":2,"minecraft:leave_game":1,"minecraft:time_since_death":33129,"minecraft:climb_one_cm":380,"minecraft:sprint_one_cm":208480,"minecraft:walk_one_cm":103502,"minecraft:damage_blocked_by_shield":855,"minecraft:drop":3,"minecraft:talked_to_villager":3,"minecraft:play_time":53493,"minecraft:sneak_time":4637,"minecraft:deaths":1,"minecraft:walk_under_water_one_cm":12628,"minecraft:boat_one_cm":15637,"minecraft:jump":1312,"minecraft:interact_with_brewingstand":1,"minecraft:walk_on_water_one_cm":9682,"minecraft:total_world_time":53493,"minecraft:interact_with_furnace":31,"minecraft:sleep_in_bed":2,"minecraft:time_since_rest":10066,"minecraft:damage_taken":1076,"minecraft:damage_dealt":5755,"minecraft:swim_one_cm":77280,"minecraft:fly_one_cm":319905,"minecraft:open_chest":23,"minecraft:crouch_one_cm":11572,"minecraft:fall_one_cm":27403},"minecraft:mined":{"minecraft:diamond_ore":1,"minecraft:white_bed":1,"minecraft:deepslate_diamond_ore":1,"minecraft:oak_door":6,"minecraft:brewing_stand":1,"minecraft:grass_block":6,"minecraft:hay_block":10,"minecraft:furnace":1,"minecraft:iron_ore":52,"minecraft:andesite":1,"minecraft:pointed_dripstone":1,"minecraft:deepslate_iron_ore":13,"minecraft:stone":73,"minecraft:smithing_table":1,"minecraft:crafting_table":7,"minecraft:torch":5,"minecraft:tall_grass":18,"minecraft:cobblestone":5,"minecraft:lapis_ore":4,"minecraft:sugar_cane":4,"minecraft:oak_planks":11,"minecraft:diorite":2,"minecraft:wall_torch":1,"minecraft:wheat":2,"minecraft:grass":38,"minecraft:oak_log":24,"minecraft:coal_ore":15,"minecraft:gravel":3,"minecraft:dirt":15,"minecraft:cobweb":1,"minecraft:oak_leaves":7,"minecraft:deepslate":1},"minecraft:killed":{"minecraft:skeleton":3,"minecraft:chicken":11,"minecraft:drowned":1,"minecraft:pig":8,"minecraft:iron_golem":1,"minecraft:sheep":13,"minecraft:zombie":4,"minecraft:cow":8}},"DataVersion":3465}