{"stats":{"minecraft:picked_up":{"minecraft:crafting_table":7,"minecraft:feather":12,"minecraft:chicken":11,"minecraft:leather":6,"minecraft:smithing_table":2,"minecraft:wooden_pickaxe":1,"minecraft:oak_log":20,"minecraft:brewing_stand":2,"minecraft:golden_boots":1,"minecraft:shield":1,"minecraft:dirt":21,"minecraft:bone":4,"minecraft:apple":1,"minecraft:wheat_seeds":9,"minecraft:iron_ingot":4,"minecraft:beef":19,"minecraft:stone_pickaxe":1,"minecraft:cooked_chicken":10,"minecraft:poppy":1,"minecraft:light_gray_wool":2,"minecraft:sugar_cane":14,"minecraft:stone_hoe":1,"minecraft:oak_planks":47,"minecraft:egg":1,"minecraft:furnace":1,"minecraft:book":1,"minecraft:golden_helmet":1,"minecraft:stick":2,"minecraft:raw_iron":5,"minecraft:cooked_porkchop":7,"minecraft:oak_door":9,"minecraft:torch":13,"minecraft:dandelion":1,"minecraft:gravel":8,"minecraft:porkchop":13,"minecraft:white_bed":2,"minecraft:stone_sword":1,"minecraft:arrow":2,"minecraft:rotten_flesh":1,"minecraft:stone_axe":1,"minecraft:hay_block":20,"minecraft:golden_apple":1,"minecraft:oak_sapling":3,"minecraft:mutton":21,"minecraft:coal":6,"minecraft:white_wool":11,"minecraft:cobblestone":31},"minecraft:used":{"minecraft:stone_sword":81,"minecraft:iron_shovel":14,"minecraft:stone_pickaxe":43,"minecraft:oak_planks":6,"minecraft:shield":2,"minecraft:wooden_pickaxe":4,"minecraft:stone_hoe":19,"minecraft:oak_door":6,"minecraft:torch":5,"minecraft:dirt":4,"minecraft:crafting_table":8,"minecraft:white_bed":1,"minecraft:wooden_axe":31,"minecraft:apple":1,"minecraft:chicken":1,"minecraft:iron_pickaxe":3,"minecraft:stone_axe":60,"minecraft:cobblestone":2,"minecraft:beef":1,"minecraft:furnace":2,"minecraft:cooked_porkchop":6},"minecraft:dropped":{"minecraft:rotten_flesh":1},"minecraft:killed_by":{"minecraft:iron_golem":1},"minecraft:crafted":{"minecraft:oak_door":3,"minecraft:oak_planks":80,"minecraft:cooked_porkchop":11,"minecraft:crafting_table":2,"minecraft:wooden_pickaxe":1,"minecraft:cooked_chicken":10,"minecraft:furnace":1,"minecraft:stone_axe":1,"minecraft:air":0,"minecraft:shield":1,"minecraft:stick":20,"minecraft:iron_ingot":3,"minecraft:iron_pickaxe":1,"minecraft:stone_pickaxe":1,"minecraft:wooden_axe":1,"minecraft:stone_sword":1,"minecraft:iron_shovel":1,"minecraft:white_bed":1,"minecraft:torch":8,"minecraft:stone_hoe":1},"minecraft:custom":{"minecraft:interact_with_smithing_table":1,"minecraft:interact_with_furnace":14,"minecraft:mob_kills":44,"minecraft:interact_with_crafting_table":15,"minecraft:bell_ring":2,"minecraft:leave_game":1,"minecraft:time_since_death":9129,"minecraft:sleep_in_bed":1,"minecraft:climb_one_cm":380,"minecraft:time_since_rest":9184,"minecraft:sprint_one_cm":114727,"minecraft:damage_taken":531,"minecraft:walk_one_cm":50111,"minecraft:damage_blocked_by_shield":120,"minecraft:drop":1,"minecraft:damage_dealt":4646,"minecraft:talked_to_villager":1,"minecraft:swim_one_cm":50171,"minecraft:fly_one_cm":214742,"minecraft:open_chest":12,"minecraft:crouch_one_cm":2344,"minecraft:play_time":29493,"minecraft:deaths":1,"minecraft:sneak_time":1922,"minecraft:walk_under_water_one_cm":7763,"minecraft:jump":857,"minecraft:walk_on_water_one_cm":3494,"minecraft:total_world_time":29493,"minecraft:fall_one_cm":15969},"minecraft:mined":{"minecraft:smithing_table":1,"minecraft:white_bed":1,"minecraft:oak_door":6,"minecraft:brewing_stand":1,"minecraft:crafting_table":6,"minecraft:torch":4,"minecraft:grass_block":6,"minecraft:tall_grass":18,"minecraft:oak_planks":4,"minecraft:sugar_cane":4,"minecraft:wall_torch":1,"minecraft:hay_block":10,"minecraft:furnace":1,"minecraft:iron_ore":5,"minecraft:wheat":2,"minecraft:grass":38,"minecraft:coal_ore":6,"minecraft:oak_log":20,"minecraft:gravel":3,"minecraft:dirt":15,"minecraft:stone":31,"minecraft:oak_leaves":7},"minecraft:killed":{"minecraft:pig":8,"minecraft:iron_golem":1,"minecraft:sheep":13,"minecraft:skeleton":1,"minecraft:zombie":1,"minecraft:chicken":11,"minecraft:drowned":1,"minecraft:cow":8}},"DataVersion":3465}